{
  "austin": 0.0,
  "baku": 0.6666666666666666,
  "barcelona": 0.0,
  "budapest": 1.0,
  "hockenheim": 0.18181818181818182,
  "imola": 0.0,
  "istanbul": 1.0,
  "jeddah": 0.45454545454545453,
  "las_vegas": 0.5,
  "le_castellet": 0.0,
  "lusail": 0.08333333333333333,
  "marina_bay": 0.6,
  "melbourne": 0.18181818181818182,
  "mexico_city": 0.15384615384615385,
  "miami": 0.0,
  "monaco": 0.3333333333333333,
  "monte_carlo": 0.0,
  "montr\u00e9al": 0.05263157894736842,
  "monza": 0.09090909090909091,
  "mugello": 0.0,
  "n\u00fcrburgring": 0.0,
  "portim\u00e3o": 0.0,
  "sakhir": 0.21428571428571427,
  "shanghai": 0.1,
  "silverstone": 0.05555555555555555,
  "singapore": 0.0,
  "sochi": 0.0,
  "spa-francorchamps": 0.0,
  "spielberg": 0.10714285714285714,
  "suzuka": 0.0,
  "s\u00e3o_paulo": 0.10714285714285714,
  "yas_island": 0.2222222222222222,
  "yas_marina": 0.5,
  "zandvoort": 0.18181818181818182
}