{
  "austin": 3.2385000000003217,
  "baku": 11.292715686274809,
  "barcelona": 4.484443965517126,
  "budapest": 7.558330000000106,
  "hockenheim": 3.728490196078709,
  "imola": 2.181057142858119,
  "istanbul": 15.212540540540376,
  "jeddah": 5.366806818182053,
  "las_vegas": 7.981904761904389,
  "le_castellet": 3.318662790698055,
  "lusail": 4.26709166666675,
  "marina_bay": 6.359178571427672,
  "melbourne": 14.063682352940981,
  "mexico_city": 9.134783018868273,
  "miami": 3.0593230769228983,
  "monaco": 2.340615384614696,
  "monte_carlo": 1.6999600000005757,
  "montr\u00e9al": 2.3600578034678463,
  "monza": 3.6189754098359574,
  "mugello": 10.536743589743764,
  "n\u00fcrburgring": 2.5071304347828653,
  "portim\u00e3o": 3.1936233766229045,
  "sakhir": 24.42549673202625,
  "shanghai": 15.22588095238024,
  "silverstone": 5.708722627737536,
  "singapore": 5.994701492536628,
  "sochi": 6.039888059701564,
  "spa-francorchamps": 14.863583333333374,
  "spielberg": 2.9675515873017964,
  "suzuka": 5.701309090908829,
  "s\u00e3o_paulo": 4.244976588628817,
  "yas_island": 5.152496240601972,
  "yas_marina": 4.08465999999943,
  "zandvoort": 6.937362204724287,
  "_default": 2.2
}