{
  "melbourne": 20.744,
  "sakhir": 12.0,
  "shanghai": 12.0,
  "baku": 16.127750000000002,
  "barcelona": 12.0,
  "monte_carlo": 24.375750000000004,
  "montr\u00e9al": 22.673833333333338,
  "le_castellet": 21.55016666666667,
  "spielberg": 12.88215625,
  "silverstone": 12.0,
  "hockenheim": 12.11258333333334,
  "monza": 12.0,
  "singapore": 12.0,
  "sochi": 12.0,
  "suzuka": 12.238933333333335,
  "austin": 12.0,
  "mexico_city": 12.0,
  "s\u00e3o_paulo": 12.538866666666664,
  "yas_marina": 26.563000000000017,
  "budapest": 12.0,
  "spa-francorchamps": 12.0,
  "yas_island": 12.0,
  "mugello": 26.825333333333347,
  "n\u00fcrburgring": 12.0,
  "portim\u00e3o": 17.123249999999985,
  "imola": 13.101875000000003,
  "istanbul": 12.0,
  "zandvoort": 12.0,
  "lusail": 14.262722222222228,
  "jeddah": 19.080500000000004,
  "miami": 12.0,
  "monaco": 31.822499999999998,
  "marina_bay": 12.274833333333339,
  "las_vegas": 12.0
}