{
  "lap_time_seconds": {
    "mean": 91.49032259908536,
    "std": 14.514016618966476
  },
  "tyre_age": {
    "mean": 15.397484756097562,
    "std": 10.40898776358173
  },
  "fuel_load_kg": {
    "mean": 61.75724085365854,
    "std": 28.927088686087586
  },
  "track_temp_celsius": {
    "mean": 35.0,
    "std": 1e-06
  },
  "air_temp_celsius": {
    "mean": 25.0,
    "std": 1e-06
  },
  "gap_ahead_seconds": {
    "mean": 7.251759146341414,
    "std": 14.911433813647784
  },
  "gap_behind_seconds": {
    "mean": 9.732123856707327,
    "std": 18.713368384718226
  },
  "safety_car_active": {
    "mean": 0.04382621951219512,
    "std": 0.20472779136157188
  },
  "wind_speed": {
    "mean": 0.0,
    "std": 5.0
  },
  "fresh_tyre": {
    "mean": 0.5,
    "std": 0.5
  }
}