{
  "1": 2.1,
  "2": 3.2142857142857144,
  "3": 4.1328125,
  "4": 5.0078125,
  "5": 6.06015037593985,
  "6": 6.971223021582734,
  "7": 7.9071428571428575,
  "8": 8.737226277372264,
  "9": 9.744525547445255,
  "10": 10.302158273381295,
  "11": 11.08695652173913,
  "12": 11.912408759124087,
  "13": 12.313868613138686,
  "14": 12.569343065693431,
  "15": 13.289855072463768,
  "16": 13.53623188405797,
  "17": 14.05109489051095,
  "18": 14.167883211678832,
  "19": 14.566176470588236,
  "20": 15.203007518796992,
  "21": 14.533333333333333,
  "22": 13.977611940298507,
  "23": 14.11111111111111,
  "24": 14.74436090225564,
  "25": 14.462686567164178,
  "26": 14.0,
  "27": 14.25563909774436,
  "28": 14.638461538461538,
  "29": 14.092307692307692,
  "30": 14.604651162790697,
  "31": 14.953488372093023,
  "32": 14.706349206349206,
  "33": 15.310077519379846,
  "34": 15.6640625,
  "35": 14.186046511627907,
  "36": 13.775193798449612,
  "37": 14.3203125,
  "38": 14.744186046511627,
  "39": 15.188976377952756,
  "40": 15.738095238095237,
  "41": 16.56,
  "42": 16.991935483870968,
  "43": 17.661290322580644,
  "44": 17.944,
  "45": 18.483050847457626,
  "46": 19.22222222222222,
  "47": 19.54237288135593,
  "48": 19.403361344537814,
  "49": 20.183333333333334,
  "50": 20.525,
  "51": 20.535714285714285,
  "52": 21.48148148148148,
  "53": 22.1734693877551,
  "54": 22.476744186046513,
  "55": 22.941860465116278,
  "56": 23.650602409638555,
  "57": 24.65753424657534,
  "58": 25.4375,
  "59": 25.35185185185185,
  "60": 26.365384615384617,
  "61": 27.38,
  "62": 28.102040816326532,
  "63": 28.851063829787233,
  "64": 29.441860465116278,
  "65": 29.75609756097561,
  "66": 31.225,
  "67": 33.15625,
  "68": 34.15625,
  "69": 35.15625,
  "70": 32.964285714285715,
  "71": 32.05555555555556,
  "72": 38.75,
  "73": 45.0,
  "74": 46.0,
  "75": 47.0,
  "76": 48.0,
  "77": 49.0,
  "78": 50.0
}